0;884;320;Colleen Leblanc;5;37176
1;293;112;Shawn Ortiz;1;76786
2;338;254;Tina Hunter;3;12507
3;168;621;Eric Wright;3;5130
4;313;141;Charles Jones;4;30722
5;615;13;Craig Lawrence;5;85405
6;549;249;Jennifer Parsons;4;48616
7;951;402;Michelle Hines;5;30807
8;844;303;Ashley Love;1;65902
9;958;111;Lisa White;2;82006
10;981;365;Raymond Monroe;4;44540
11;590;344;Katherine Nichols;2;62316
12;898;575;Shannon Stanton;4;62983
13;728;429;Carolyn Taylor;3;29396
14;893;347;Roger Jackson;3;4007
15;347;465;Laura Gray;1;98821
16;756;751;Robin Diaz;2;51665
17;736;678;Stephanie Carr;5;5522
18;183;690;Matthew Brewer;3;89561
19;853;681;Omar Pitts;5;54485
20;344;584;Christine Morrow;3;94910
21;299;466;Felicia Sanders;5;23242
22;436;47;Corey Marshall;3;27709
23;672;751;Samantha Johnston;3;37865
24;686;417;Darlene Palmer;4;42405
25;416;585;Jacqueline Jones;1;28468
26;912;44;Michael Ryan;2;45410
27;569;31;Christopher Curtis;1;33799
28;42;623;Duane Shea;4;75307
29;993;295;Jill Harris;4;2202
30;651;487;Jeremy Fernandez;5;22261
31;378;505;Gordon Brown;5;86234
32;186;570;Annette Ross;4;20131
33;460;600;Michael Gray;5;12162
34;128;381;Nathan Nunez;2;77941
35;370;256;Brandon Dickson;5;7487
36;742;101;Cynthia Sanchez;2;34783
37;497;309;Patricia Ryan;2;88409
38;155;348;Jordan Perry;1;12214
39;810;641;Cheryl Young;5;80120
40;397;767;Brian Jimenez;2;10139
41;688;175;Daniel Garcia;2;41240
42;69;433;Victoria Cook;1;8911
43;331;382;Erin Brewer;3;16638
44;773;765;Joe Myers;5;13657
45;771;80;Stephen Coleman;5;69391
46;97;380;Laura Phillips;1;19846
47;927;332;Gavin Mann;5;55575
48;966;356;Kaitlyn Gomez;5;59527
49;880;387;Bryan Wilson;3;42703
50;444;233;Timothy Williams;3;95115
51;737;57;Eduardo Jackson MD;4;86265
52;388;701;Cesar Camacho;4;22480
53;683;761;Eric Stewart;2;12898
54;499;539;Allison Hall;4;71168
55;350;91;Ana Smith;3;93610
56;359;78;Brian Copeland;3;61736
57;802;459;Cynthia Collier;1;9566
58;761;494;Sarah Brown;4;90055
59;327;731;Lauren Spence;2;32437
60;960;483;Joseph Mclaughlin;4;99716
61;642;64;Brian Hubbard;3;67161
62;830;104;Keith Dunn;2;58257
63;12;632;Laura Parker;3;7472
64;345;538;John Schultz;2;54305
65;313;270;Joshua Johnson;3;76712
66;842;432;Miguel Thomas;3;90655
67;814;767;Dr. Abigail Roberson;3;34697
68;289;130;Andrew King;3;57657
69;188;174;Lance Barnes;2;21036
70;819;409;Stacy Bush;4;37586
71;81;717;Daniel Bass;4;82531
72;635;764;Mr. Ronald Holmes DVM;4;78274
73;252;230;Lisa Ball;2;96669
74;146;191;Jesse King;3;2869
75;422;637;Nathan Gallagher;4;74947
76;229;59;Yvonne Salazar;3;43897
77;479;668;Amanda Davis;5;46456
78;299;585;John Barrett;5;10639
79;867;520;Rachel Gentry;3;92812
80;69;391;Jeremy White;1;83194
81;463;445;Kayla Stewart;3;33268
82;338;457;Shane Palmer;2;89332
83;392;166;Joseph Weaver;1;8039
84;802;217;Mark Parker;3;84347
85;237;661;Gary Watkins;1;89822
86;679;72;Joy Stephens;5;28250
87;415;166;David Barton;1;95042
88;659;436;Chase Lee;2;80640
89;642;474;Bryan Hawkins;1;86827
90;765;132;Brenda Martin;2;37852
91;641;215;Arthur Tran;5;12836
92;190;195;Gary Baker;4;44961
93;283;60;Kimberly Ford;3;46424
94;118;194;Michael Gonzalez;2;14799
95;13;542;Edward Hayes;5;11259
96;7;411;Natalie Mcneil;2;61660
97;469;244;Travis Snow;1;75702
98;237;465;John Melton;3;80971
99;140;534;Rachel Douglas;2;89117
100;710;683;Bruce Fleming;5;39145
101;140;789;Haley Juarez;4;63786
102;184;393;Troy Campbell;4;3218
103;239;277;Heidi Mann;5;58440
104;60;605;Kristin Poole;1;4155
105;437;415;Daniel Phelps;1;69518
106;237;715;Eric Harding;5;31339
107;107;180;Jeremy Hogan;4;48986
108;829;677;David Anderson;4;42434
109;368;28;Gregory Contreras;2;91087
110;87;713;Joshua Collins;2;54997
111;485;537;Karen Clark;3;16316
112;796;313;Paul Delgado;3;51475
113;555;799;Donna Spears;3;72258
114;375;429;Mark Curtis;4;54358
115;953;102;John Cardenas;3;70064
116;598;324;Jasmine Murphy;2;35554
117;9;324;Matthew Dorsey;2;56045
118;342;415;Eric Sanders;3;15693
119;91;79;Robert Kelly;4;62182
120;587;353;Heidi Craig;3;65366
121;816;540;Steven Freeman;2;6183
122;583;426;Tracy Martin;3;68244
123;113;555;Rodney Blake;2;45828
124;115;189;Mathew Walker;4;71019
125;298;428;David Lewis;1;46855
126;78;37;Patricia Paul;1;76547
127;726;642;Diana Smith;4;11664
128;363;694;Andrew Collins;5;60713
129;792;318;Brenda Spencer;5;9546
130;278;286;James Spencer;5;74166
131;172;573;Vickie Moses;1;43440
132;820;301;Brittany Steele;4;14483
133;527;240;Zachary Keller;2;57716
134;685;328;Paula Ramirez;4;18895
135;986;524;Kelly Kramer;2;37592
136;678;142;Traci Rivera;2;13666
137;888;214;Julia Harris;5;81938
138;683;753;Carla Johnson;3;23970
139;941;7;Phillip Landry;4;71637
140;981;499;Sandra Foster;2;75702
141;189;92;Megan Carson;5;93359
142;848;384;Beth Fernandez;1;80625
143;28;124;Jean Collins;4;57608
144;303;532;Linda Griffith;1;19847
145;348;715;Matthew Martin;1;10263
146;54;372;John Campbell;1;56029
147;195;623;Heather Bailey;4;92233
148;684;92;Brittney Sanders;3;52420
149;16;750;Ricardo Singh;3;77590
150;769;445;Mr. Jose Carpenter;5;71369
151;674;526;Jacob Vaughan;3;21613
152;369;217;Daniel Hoffman;3;97003
153;398;561;Elijah Stanley;3;78620
154;326;758;John Giles;5;41484
155;397;677;Judy Little;5;19192
156;752;158;Ronald Lawrence;5;3804
157;898;309;Brian Martinez;2;74928
158;887;264;Danny Fritz;1;34698
159;935;313;Patricia Douglas;3;39961
160;6;59;Cody Jones;4;97163
161;127;121;Mark Thompson;4;97547
162;386;680;Mary Martinez;5;34125
163;956;297;Carrie Davis;4;64726
164;148;243;Kyle Sandoval;5;59693
165;657;251;Patricia Kennedy;3;59961
166;799;670;Thomas Robertson;3;1107
167;960;114;Tamara Smith;3;77246
168;580;92;Patricia Gonzalez;4;17474
169;807;150;Jessica Torres;4;35746
170;103;732;Adam Evans;4;15408
171;324;440;Timothy Brewer;1;30930
172;86;562;Kelly Elliott;1;2597
173;395;630;William Nguyen;1;62888
174;266;415;Mr. Samuel Williams;4;67323
175;687;622;Mark Jones;1;24435
176;666;61;Nathaniel Robinson;3;24919
177;567;201;Terry Perkins;2;54438
178;624;135;Holly Miller;3;63483
179;343;523;Victoria Roman;5;14218
180;63;547;April Vargas;3;9353
181;369;417;Nicole Moore;4;46409
182;266;514;Michael Calderon;5;78227
183;775;701;Shelby Hicks;5;57857
184;913;264;Caitlin Rodriguez;4;12038
185;476;103;Sabrina Lane;4;46268
186;172;798;Nicholas Perez;2;38588
187;787;285;David Jackson;4;40996
188;171;191;Maurice Copeland;5;60009
189;67;601;Brandon Hays;1;86633
190;582;759;Phillip Padilla;1;45754
191;789;246;Matthew Rivera;3;94882
192;112;67;Kelsey Krause;5;86776
193;785;374;Jon Ward;5;43303
194;63;299;Jose Holmes;3;81333
195;984;462;Alexander Roach;4;49576
196;431;513;Dennis Williams;3;46183
197;175;105;Ricardo Dixon;1;65398
198;325;540;Brittany Wright;3;11127
199;226;376;Carmen Bates;4;84422
200;178;149;Nancy Williams;4;83551
201;100;755;Claudia Davis DDS;3;15873
202;615;265;Teresa Rodriguez;5;43369
203;753;462;Jesus Clark;3;17352
204;509;430;Sharon Bell;3;17097
205;849;422;Jimmy Robinson;3;37642
206;443;375;Elizabeth Kennedy;3;97025
207;668;519;Susan Young;4;1935
208;863;515;Ronald Kim;4;82132
209;405;778;Joshua Shields;4;65360
210;175;563;Philip Vasquez;3;11081
211;571;152;Elizabeth Salazar;4;50556
212;533;637;James Bright;1;37119
213;361;672;Amy Montgomery;5;94181
214;938;377;Lori Taylor;2;79238
215;938;707;Martha Chase;4;47935
216;875;249;Stephen Zuniga;1;40031
217;260;207;Jeffery Nelson;1;38424
218;868;708;Mark Gutierrez;4;28220
219;468;34;Amber Marks;2;92164
220;947;712;Stephanie Lee;3;66817
221;392;183;Kerri Singh;3;76964
222;437;11;Joel Gomez;1;53744
223;567;726;Elizabeth Burke;2;30782
224;221;56;Melissa Andrews;4;9886
225;6;328;Kevin Short;1;57655
226;24;638;Sherri Sawyer;3;12237
227;344;257;Steven Larson;1;11245
228;837;282;Brian Peterson;3;80678
229;41;787;Nicholas Rush;1;9774
230;775;455;Christopher Evans;5;55056
231;411;316;Jennifer Adams;5;7530
232;14;709;Blake Flynn;4;62153
233;445;381;Amy Schmitt;1;71101
234;887;783;Stephanie Glenn;1;7165
235;97;433;Michael Joseph;3;33024
236;493;458;Mrs. Rachel Smith;3;9444
237;481;756;Stacey Miller;2;68730
238;519;728;Timothy Mercer;4;62087
239;774;272;Alyssa Bailey;4;50954
240;898;553;Michele Dawson;5;95857
241;645;183;Kathryn Weiss;5;41189
242;754;62;Derek Webster;5;21380
243;211;16;Brian Fernandez;5;34377
244;506;337;Vickie Ochoa;1;87488
245;300;750;Julie Coffey;3;43557
246;711;433;Laura Diaz;3;23999
247;614;733;Janet Jackson;4;76902
248;432;467;Christine Peck;4;80763
249;363;507;Cynthia Flores;2;44352
250;396;389;Mr. Anthony Martin;1;9571
251;655;747;Melody Novak;2;31925
252;372;274;Ashley Patterson;5;26824
253;163;38;Rebecca Davis;2;66024
254;102;249;Danielle Mccarty;3;8076
255;868;240;John Mcneil;1;9473
256;819;211;Mr. Brady Sullivan;5;37966
257;493;442;Jeffrey Poole;1;17776
258;57;399;Linda Berger;3;53128
259;689;720;Bonnie Carroll;1;72850
260;913;212;Jerome Franco;3;1251
261;660;159;Cameron Mckinney;1;21164
262;139;334;Brian Boyd;1;19383
263;141;265;Seth Page;4;67919
264;58;362;Eddie Hopkins;5;27052
265;200;211;Mrs. Gail Duncan;4;90635
266;764;19;Jennifer Moore;5;11125
267;204;640;Tina Smith;3;6078
268;499;369;David Campos;2;26274
269;973;556;Thomas Carroll;2;24866
270;295;310;Steven Green;4;62941
271;615;208;Brandon Reese;4;46782
272;25;491;Yvonne Davidson;3;70975
273;958;569;Laura Griffith;5;6619
274;559;428;Ralph Ashley;1;71684
275;777;299;Jason Schroeder;4;93482
276;933;273;Peter Cortez;1;16780
277;424;668;Kenneth Thompson;5;80882
278;286;746;Michael Cherry;5;73637
279;351;683;Jessica Chan;5;87043
280;262;152;Isaac House;1;10740
281;23;276;Jacqueline Ochoa;5;75411
282;286;301;Eric Williams;4;73406
283;692;628;Jonathan Collins;1;75757
284;142;349;Kylie Haynes;1;12791
285;200;470;Travis Hayes;4;11125
286;365;122;Shawna Costa;3;24570
287;825;777;Julia Wright;4;77724
288;34;432;Jennifer Graham;4;63001
289;895;587;Kayla Moore;4;11355
290;855;81;Richard Howard;1;57866
291;431;29;Donald Peters;5;40334
292;905;21;Emily Little;2;68927
293;144;383;Jill Butler;2;45389
294;564;573;Levi Singleton;2;20477
295;545;39;Michael Bean;3;35975
296;133;329;Sean Smith;5;7666
297;97;418;Christopher Scott;3;41598
298;809;749;Tonya Brown;1;50126
299;257;223;Stephanie Potter;5;37042
300;807;91;Christopher Hall;5;24348
301;576;324;Karen Gibson;4;8059
302;308;708;Joseph Bowman;3;62801
303;799;364;Natalie Lee;3;46343
304;707;675;Vanessa Miller;1;36720
305;946;706;Sean Mcclure;5;89405
306;605;335;Jeffrey Hale;1;81120
307;543;347;Emily Singleton;2;50619
308;146;65;David Brown;3;86193
309;267;535;Mark Robinson;5;84620
310;709;443;John Martinez;5;95181
311;769;120;Felicia Jennings;3;28089
312;741;735;Luke Adkins;3;61466
313;478;521;Christopher Hunt;3;97808
314;559;412;Ian King;5;96724
315;869;139;Joshua Jones;2;50278
316;653;800;Brandon Barber;3;17830
317;625;417;Kenneth Daniel;2;35559
318;108;123;Jonathan Simpson;2;79441
319;993;759;Mr. Travis Price;5;74670
320;116;657;Daniel Kim;2;77885
321;610;418;Matthew Smith;3;89512
322;255;223;Kelly Pearson;4;14263
323;286;413;Anne Cox;3;31417
324;403;513;Troy Molina;2;15764
325;710;119;Suzanne Silva;2;57969
326;459;6;Sarah Carter;5;43763
327;946;317;Diana Gray;3;22147
328;424;354;Amber Campbell;5;91217
329;607;584;Jacob Robinson;5;88877
330;990;737;Heather Morrison;2;35858
331;383;636;Austin Pacheco;2;20859
332;374;437;Jennifer Turner;3;183
333;619;282;Julie Fitzpatrick;5;14631
334;705;581;Donald Rich;5;17224
335;173;759;Margaret Lynch;5;89334
336;23;77;Keith Goodman;5;48931
337;690;757;Stephanie Simmons;2;61040
338;890;727;Michael Greene;3;64100
339;815;176;John Hubbard;3;36708
340;308;508;Katherine Copeland;3;54289
341;132;569;Heather Figueroa;1;41188
342;432;490;Barbara Gonzalez;2;56317
343;523;429;Dwayne Ballard;5;59053
344;725;338;Curtis Henry;3;92650
345;935;377;Michael Reeves;2;99582
346;144;364;Natasha Lopez;1;93494
347;697;72;Joseph Sims;1;50332
348;946;414;Katherine Everett;5;34963
349;159;515;Joshua Mendoza;5;39717
350;724;660;Matthew Perry MD;5;21449
351;45;651;Kimberly White;2;41577
352;946;210;Christina Garcia;4;15757
353;911;683;Shane Stout;2;32461
354;309;124;Janet Ali;1;19164
355;901;771;Kimberly Contreras;3;37619
356;909;538;Tracy Todd;5;67825
357;429;560;Erica Nash;3;42084
358;851;580;Chad Romero;4;3999
359;763;382;Dr. Jeffrey Kennedy MD;5;20844
360;999;325;Faith Henry;1;40981
361;793;10;Daniel Ross;3;77282
362;855;508;Matthew Bush;4;8947
363;68;169;Danielle Rosario;5;7989
364;5;28;Tammy Bell;4;36580
365;694;216;Gregory Rodriguez;4;63040
366;159;206;Michael Stone;1;45078
367;69;787;Michael Marshall;3;60668
368;523;204;Amber Mccarty;1;24639
369;692;636;Michelle Newman;5;8452
370;194;461;Scott Fuller;5;69787
371;7;22;Ashley Davis;1;94615
372;296;691;Patricia Maldonado;1;13119
373;51;220;Jill Smith;2;25624
374;851;681;Dean Flores;1;28451
375;680;740;Shannon Cooper;2;86128
376;433;468;Michael Baker;1;62648
377;84;143;Jacob Nichols MD;3;6489
378;766;750;Joseph Santos;4;65905
379;998;13;Tiffany Peterson;4;16363
380;908;472;Rachael Johnson;4;27978
381;536;687;Christina Wright;4;42630
382;676;722;Anne Obrien;4;50441
383;877;131;Brenda Haynes;5;55856
384;299;585;Richard Gordon;1;49013
385;141;633;Barbara Davis;3;30617
386;237;201;Cory Steele;1;88118
387;63;522;John Bean;3;81306
388;854;671;Wayne Morris;3;84411
389;696;636;Brittney Snyder;4;25058
390;730;176;Stephanie Parks;1;34101
391;591;241;Judy Harris;1;82737
392;85;198;John Black;3;95530
393;364;138;Tammy Patterson;4;520
394;258;744;Cheryl Donovan;2;76026
395;184;409;Bobby Hanna;4;85160
396;741;335;Marisa Huff;2;74767
397;248;30;Jessica Alexander;2;9307
398;507;492;Megan Davis;4;4251
399;84;149;Michael Taylor;3;9903
400;458;728;Andre Hayes;1;34701
401;610;655;Amanda Wilson;4;54690
402;597;286;Christopher Freeman;5;16441
403;323;173;Paul Mclaughlin;4;3316
404;29;364;Heather Ramos;1;58357
405;508;276;Cheryl Davis;4;78229
406;369;554;Matthew Elliott;4;27012
407;338;420;Joshua Martinez;1;23899
408;44;19;Joseph Juarez;2;92867
409;39;72;Caitlin Crosby;2;14366
410;222;793;Julie Price;4;61854
411;880;49;Charles Poole;1;83697
412;770;720;Amanda Jefferson;2;92374
413;142;200;Cheryl Harris;5;94287
414;46;422;Julie Nichols;4;45278
415;203;650;Carlos Hines;4;64488
416;671;71;Bradley Allen;4;49471
417;256;486;Nicholas Miller;3;98538
418;688;198;Patrick Smith;5;32698
419;61;313;Steven Glover;4;32630
420;909;131;Michael Mack;4;6615
421;857;798;Stephanie Sheppard;2;84982
422;231;406;Jeffrey Lewis;4;10667
423;686;3;Timothy Hall;5;41927
424;314;794;Christopher Parks;5;95510
425;842;511;Adam Patrick;2;85544
426;374;291;Joseph Gentry;2;76540
427;980;150;Krista Wright;2;17581
428;838;677;Jeffrey Fitzpatrick;2;1703
429;813;264;Jason Lee;3;9690
430;674;612;Todd Dickson;5;96934
431;31;701;Luis Caldwell;3;5137
432;442;173;Michael Sanders;2;77759
433;901;3;Mrs. Sherry Martinez;5;85481
434;893;708;Jody Cox;1;33918
435;908;101;Shirley Hooper;3;40344
436;767;790;Nichole Brown;2;19943
437;342;236;Rachel Anderson;1;81071
438;191;707;Katherine Lewis;2;540
439;209;636;Matthew Sutton;1;78145
440;61;147;Mrs. Jasmine Guzman DVM;3;34482
441;680;413;Cynthia Golden;2;78019
442;540;690;Aaron Ford;4;95007
443;338;677;Phyllis Mccarthy;2;69548
444;321;785;Keith Taylor;1;17470
445;774;308;Amber Mcbride;2;23402
446;935;326;Scott Estes;5;21421
447;444;615;Zachary Williams PhD;2;4839
448;555;230;Shannon Navarro;1;80614
449;955;256;Walter Price;2;61621
450;274;494;Mr. Jack Lynn;2;67467
451;952;414;Melanie Leblanc;4;38636
452;237;243;Douglas Anderson;3;56988
453;713;648;Hayden Dunn;5;32467
454;885;574;Jennifer Reed;2;94990
455;31;603;Emily Gutierrez;2;36184
456;842;735;Caroline Bennett;4;41325
457;262;146;Tina Alexander;3;66854
458;486;525;Brent Lynch;2;37383
459;66;321;Theresa Williams;1;91725
460;335;94;Nicholas Erickson;3;13192
461;264;567;Susan Arnold;3;13581
462;592;154;Brenda Richards;1;11187
463;627;395;Melinda Price;4;99706
464;998;390;Jacob Taylor;1;94653
465;891;302;Teresa Harrington;2;25237
466;98;335;Mary Watkins;4;30218
467;920;469;Kristi Cummings;5;54655
468;315;295;Nichole Rios;3;66648
469;964;283;Savannah Lee;5;5170
470;923;548;Mitchell Kramer;2;25508
471;887;380;Amber Brown;3;80651
472;292;409;Tony Lopez Jr.;4;15394
473;42;74;Jonathan Cook;2;99907
474;226;104;Chris Webb;4;85417
475;572;12;Kimberly Cross;1;54060
476;633;612;Tyler Novak;1;18154
477;290;557;Lauren Wilson;3;21309
478;286;596;Reginald Gomez;2;60480
479;550;403;Christopher Green;1;84530
480;254;587;Eric Petersen;1;86104
481;421;241;Kelsey Hart;3;54777
482;339;477;Micheal Hickman;1;15476
483;510;491;Courtney Carter;1;64896
484;508;725;Elizabeth Peterson;2;79134
485;1000;330;Scott Santiago;5;25786
486;399;219;Tiffany Ewing;1;17305
487;389;674;Paige Bauer;3;79180
488;345;307;Stacy Townsend;5;90205
489;352;329;Rebecca Morton;3;73904
490;977;375;Tammy Rodriguez;5;6431
491;766;288;Kaitlyn Tran;5;68836
492;532;351;Zachary Andrews;4;9325
493;628;11;Rebecca Murray;5;50873
494;227;301;Joseph Moore;1;94254
495;368;523;Michael Huang;1;36355
496;762;316;Veronica Schaefer;5;77142
497;493;195;April Simpson;2;44097
498;450;7;Mrs. Danielle Pitts;5;26089
499;276;118;James Martinez;5;45091
500;841;114;Michelle Lee;1;22618
501;405;169;Lauren Campbell;2;10665
502;541;728;Amber Sanders;3;19924
503;520;215;Patrick Landry;2;10362
504;859;107;Kiara Gonzalez;3;39804
505;801;37;Melanie Adams;5;73942
506;680;766;Kim Perez;1;40895
507;277;395;Gerald Thompson;3;79429
508;788;352;Cynthia Luna;3;61315
509;524;462;Alexandra Christian;5;56763
510;532;624;Ann Berry;2;73182
511;291;531;Kara Dixon;3;37256
512;970;534;Wendy Underwood;1;903
513;531;563;Mrs. Kristen Harper;5;67070
514;331;578;Carlos Pacheco;3;17255
515;993;619;Brooke Cook;3;55425
516;313;92;James Drake;1;3659
517;528;550;Dennis Green;2;26875
518;942;755;David Grimes;3;87984
519;16;242;Daniel Riley;5;29556
520;393;62;Ryan Lawson;1;7012
521;283;608;Hunter Lopez;4;85024
522;678;490;Raymond Knight;4;78579
523;297;244;Patricia Perez;5;32713
524;928;262;Alicia Miller;2;97118
525;354;46;Adam Dawson;4;81843
526;822;83;Martha Kim;3;30528
527;149;678;Lisa Palmer;4;43218
528;466;742;Brittany Ochoa;4;90480
529;52;91;Jessica Robinson;3;9898
530;788;345;William Ford;3;95426
531;714;54;Christopher Sheppard;1;27983
532;789;447;Angela Reese;2;66782
533;707;786;William Nelson;1;67468
534;109;456;Russell Bryant;3;47461
535;994;683;Brent Vaughn;5;63151
536;907;705;Tricia Santos;5;92478
537;466;660;Eric Wilson;5;54646
538;154;140;Debra Evans;3;75719
539;28;29;Michael Blackburn;2;10835
540;581;775;Bonnie Austin;1;59158
541;341;558;Sarah Roberts;1;48996
542;886;248;Lorraine Mullins;4;41306
543;556;138;Brian Murray;4;94643
544;219;389;William Castro;2;76366
545;44;751;Thomas Downs;3;56358
546;474;756;Clayton Hickman;2;88933
547;688;205;Chloe Hill;2;67020
548;938;195;Anthony Green;4;51819
549;855;689;Michele Carter;3;28758
550;761;332;Raymond Howe;1;18329
551;369;529;Jasmine Hebert;4;69496
552;212;576;Michael Bentley;2;52021
553;327;75;Rebecca Graham;2;76876
554;465;73;Christina Graham;5;77413
555;645;625;Joseph Turner;1;25485
556;236;511;Derek Oliver;1;36439
557;168;109;Jonathan Arellano;3;28848
558;649;588;David Clayton;5;55172
559;35;590;Don Woods;5;36157
560;825;253;Carol Lane;3;3952
561;838;381;Daniel Greene;1;57251
562;497;685;Jessica Abbott;5;45287
563;227;732;Paul Stanton;3;97949
564;531;684;Susan Brown;1;68686
565;152;213;Jonathan Valentine;4;32364
566;414;596;Jessica Johns;3;9630
567;307;498;Kevin Smith;1;98356
568;909;249;Kimberly Torres;4;39786
569;388;154;Travis Fletcher;2;61765
570;55;395;Pamela Knight;3;3989
571;126;503;Nathan Moon;3;65327
572;89;101;Andre Rush;3;81044
573;746;54;Sonya Franklin;5;13128
574;590;559;Brandon Garcia;3;97559
575;660;754;Mary Sullivan;3;16753
576;987;400;Patrick Woods;5;62448
577;536;440;Brandon Lawrence;3;44021
578;56;208;Paul Martin;2;59688
579;91;288;Rose Ingram;5;74030
580;321;688;Bonnie King;3;88427
581;300;373;Anita Turner;2;13114
582;917;114;Robert Haynes;1;96845
583;254;166;Madeline Smith;4;55098
584;247;44;Mary Valencia;2;48810
585;823;418;Tony Lawrence;4;87946
586;429;461;Joseph Becker;3;80997
587;994;671;Anthony Benton;3;55883
588;428;390;Kevin Grant;4;37556
589;262;436;Joan Rivera;3;29348
590;553;713;Maureen Russo;5;69978
591;181;354;Jake Black;3;74270
592;305;622;Nicholas Bailey PhD;2;56296
593;857;422;Darrell Grant;3;42700
594;912;207;Shelley Pittman;1;79285
595;323;702;Seth Harris;2;49699
596;154;113;Jenny Everett;4;64901
597;563;411;Adam Green;2;54163
598;557;228;David Berry;5;17168
599;943;13;Curtis Garcia;2;60759
600;251;168;James Cruz;4;25205
601;226;99;Jean Davis;4;96568
602;25;522;Robert Farrell;4;99607
603;573;555;Beth Ward;4;75828
604;214;352;Shelby Barajas;4;55805
605;979;771;James Williams;5;92851
606;117;569;Daniel Morales;3;59744
607;622;13;Larry Miller;4;47856
608;288;333;Brian Miller;3;23158
609;606;705;Joel Walker;5;44319
610;653;297;Craig Sims;3;81103
611;887;607;Brandon Church;4;57459
612;470;219;Austin Barnes;4;72799
613;266;489;Jennifer Smith;4;16397
614;587;300;Jason Woodward;5;3156
615;172;715;David Reid;3;32764
616;131;765;Alexander Baker;3;12221
617;170;666;David Ray;2;91208
618;216;220;Jeffrey Stephens;4;88633
619;106;439;Richard Henderson;2;26156
620;171;500;James Robbins;3;50504
621;642;362;Melissa Thomas;2;53739
622;273;152;Sheila Ortega;1;67846
623;960;641;Katherine Phillips;5;9362
624;618;185;Jackie Duarte MD;5;78034
625;925;14;Brandy White;3;53642
626;949;441;John Figueroa;2;10390
627;250;330;Gregory Hernandez;5;61121
628;209;715;Michelle Perkins;2;42573
629;1000;109;William Martinez;3;75577
630;405;663;Joseph Fields;4;60253
631;633;321;Beth Ellis;3;22440
632;215;282;William Martinez;5;93577
633;929;673;Katherine Hernandez;3;1949
634;427;303;Kimberly Vargas;2;15727
635;62;590;Alexandra Cruz;5;13688
636;768;775;Louis Burns;3;59769
637;186;706;Bryan Brooks;3;15842
638;869;458;Anna Wyatt;2;78760
639;258;66;Christine Johnson;4;93926
640;729;332;Stephen Williams;1;52986
641;432;650;Shannon Dudley;2;46968
642;626;609;Krista Frazier;5;36409
643;384;51;Brian Martinez;5;74603
644;949;289;Lisa Suarez MD;4;1752
645;239;6;Dana Mcconnell;4;8756
646;61;561;Timothy Sanders;4;36810
647;289;128;Erica Sampson;4;19132
648;517;783;Allison Jones;3;131
649;687;431;Karen Hunter;1;83849
650;913;466;Miss Anna Martin;2;1500
651;971;769;George Serrano;4;44571
652;218;728;James Thornton;1;20804
653;156;606;Karen Adams;4;48441
654;233;281;Krista Barron;3;84133
655;452;107;Thomas Donaldson;1;21662
656;386;583;Steven Scott;4;60876
657;274;344;Kathleen Martin;3;89571
658;603;424;Danielle Macdonald;2;78086
659;528;313;Rhonda Paul;4;4164
660;896;338;Catherine Lee;5;66972
661;234;754;Ryan Lawson;4;34695
662;350;334;Nancy Mosley;5;99808
663;589;122;Lisa Hernandez;3;74300
664;780;111;Kimberly Johnson;1;32505
665;481;269;Stephanie Robinson;2;49952
666;377;657;Jack Robbins;3;82872
667;933;525;Taylor Gutierrez;3;53887
668;813;255;Steven Bailey;1;78628
669;990;25;Peter Riley;1;48613
670;17;53;Lisa Cox;2;77697
671;358;347;Jennifer Ali;5;41546
672;302;221;Andrew Morris;1;99992
673;575;578;Logan Sharp;2;54385
674;986;705;Anthony Gross;1;27641
675;436;574;Michelle Salas;3;6501
676;251;466;Barbara Cook;2;1528
677;423;116;Brittany Rojas;1;96519
678;22;618;Rachel Allen;3;93346
679;464;653;Claire Gonzalez;2;48248
680;67;201;Alexis Mitchell;4;99322
681;97;674;Emily Oconnell;1;46517
682;700;155;Beverly Lopez;2;28423
683;518;110;Catherine Lambert;1;61499
684;189;759;Zachary Turner;3;96258
685;322;253;Carolyn Bradford;2;19399
686;787;376;Laura Prince;3;55003
687;185;145;Rebecca Young;2;23147
688;535;373;Jason Vasquez;5;83303
689;129;773;Lisa Roberson MD;2;32651
690;10;626;Cathy Williams;4;63844
691;517;94;Jeremy Wright;4;34711
692;783;478;Mr. Rodney Palmer;5;13098
693;67;668;Michelle Garcia;1;50675
694;835;613;Melissa Haynes;4;44567
695;522;95;Dawn Holder;3;40072
696;450;308;Jason Bryant;1;23873
697;394;551;Jason Compton;2;36064
698;685;353;Megan Allen;2;83083
699;833;236;Charles Padilla;5;23412
700;390;719;Mrs. Amanda Blevins;1;90136
701;4;632;Joshua Miller;1;66330
702;679;412;Courtney Miller;3;26027
703;817;653;Andrew Newman;3;61914
704;454;364;Marilyn Morrison;1;83506
705;323;324;Amy Johnson;4;72023
706;936;166;James Johnson;4;88459
707;979;29;David Davis;5;87527
708;676;541;Patrick Novak;1;12513
709;655;459;Megan Mcintosh;1;10545
710;522;652;Kimberly Johnson;3;91468
711;722;46;Susan Clark;3;81514
712;306;48;Kathleen Haney;1;84967
713;875;792;Michael Davis;1;22098
714;860;289;Juan Thompson;5;40425
715;709;318;Kevin Jones;2;29898
716;501;328;Raymond Garrett DDS;4;99987
717;511;606;Jessica Thomas;2;41315
718;164;470;Angela Galloway;4;67740
719;352;742;Amy Lin;3;37338
720;977;383;Adrienne Hopkins;4;33167
721;227;246;Haley Martinez;3;46621
722;571;631;Connie Hamilton;3;92720
723;195;545;Samantha Mcmillan;1;5356
724;223;520;Crystal York;3;51947
725;403;475;Donald Moore;3;95865
726;798;140;Walter Jenkins;4;86858
727;116;781;Shelby Gray;1;75626
728;997;550;Brooke Roy;4;90606
729;634;543;Denise West;1;73858
730;332;456;Thomas Wyatt;4;98526
731;461;632;Matthew Walters;5;28047
732;497;739;Jill King;2;82814
733;842;734;Larry Smith;4;84837
734;840;746;Matthew Marshall;2;17178
735;930;717;Stacy Winters;2;30554
736;546;514;David Henson;1;53865
737;88;320;Elizabeth Woods;3;62731
738;782;208;Colleen Torres;5;92180
739;471;792;Tiffany Mann;4;40905
740;530;550;Virginia Clark;5;18679
741;700;544;Ashley Dennis;1;33741
742;75;70;Christina Hill;5;8415
743;52;208;Susan Mills;4;85752
744;951;292;Kenneth Robinson;4;19935
745;766;105;Frederick Rivera;4;39700
746;467;544;Kendra Harmon;4;85757
747;645;610;Jaclyn Wilson;4;83318
748;351;608;Paul Johnson;4;8622
749;491;118;Jennifer Hooper;4;65576
750;701;539;Natalie Wall;1;94597
751;596;110;Bryan Irwin;2;46305
752;52;733;Cynthia Martinez;4;40301
753;163;423;Brian Robinson;4;15214
754;917;781;Aaron Pearson;5;97535
755;822;93;Sheri Perez;2;81723
756;67;619;George Wall;5;70940
757;768;395;Andrea Reilly;2;28505
758;240;202;Patrick Rodriguez;3;13921
759;883;649;Jorge Walsh;4;97199
760;646;276;Karen Evans;3;31305
761;543;679;Norman Rodriguez;1;54516
762;942;264;Emily Callahan;1;55648
763;285;762;Mrs. Leah Gregory;5;29149
764;782;453;Peter Fuller;3;10464
765;228;642;Kimberly Ware;5;24401
766;632;275;Brandon Knapp;2;14310
767;220;793;James Phillips;4;52405
768;70;721;Brian Jones;2;83808
769;568;470;Amber Bryant;3;84331
770;692;735;Corey Fernandez DVM;5;26833
771;523;78;Dawn Moyer;1;54498
772;566;168;Sarah French;2;64448
773;265;13;Ryan Richards;3;62016
774;117;318;Michelle Wells;1;6359
775;20;350;Michael Vasquez;1;87203
776;686;714;Daniel Morris;2;33203
777;855;759;Anna Walker;2;33221
778;340;203;Anthony Green;4;59092
779;609;316;Stanley Murray;2;38045
780;386;724;Robert Anderson;1;31484
781;590;746;Christopher Greene;4;38094
782;757;358;Richard Johnson;3;71035
783;947;298;Miranda Davis;1;6072
784;889;397;Karen Lee;3;48708
785;644;770;Madison Gonzales;3;36922
786;631;471;Justin Rivera;3;97427
787;746;513;Brenda Hall;2;70224
788;689;668;Joshua Barnes;1;82274
789;456;522;David Mitchell;3;95275
790;909;578;David Davis;2;48590
791;742;509;Dalton Miles;5;62706
792;465;735;Sherry Ramos;3;28832
793;325;437;Jason Saunders;2;30712
794;640;704;Gregory Campbell;3;65444
795;775;378;Lisa Keith;2;14136
796;198;233;John Powers;1;75571
797;890;215;Jodi Ramos;1;97470
798;376;795;Tracy Rodriguez;2;38216
799;112;560;James Smith;2;58069
800;911;357;Jessica Jones;3;8686
801;98;740;Jack Finley;3;76760
802;277;354;Joseph Green;5;12459
803;339;763;Amanda Guerrero;3;35192
804;255;353;Mason Lopez;5;14636
805;203;496;Robert Alexander;5;98761
806;325;756;Bobby Kirby;4;80110
807;939;93;Joseph Wagner;4;48545
808;359;187;Jerry Adams;4;26586
809;456;295;Franklin Hansen;3;51501
810;767;561;Christian Giles;2;81577
811;157;462;Amy Bell;4;20865
812;99;483;Jasmine Wright;4;42318
813;300;118;Karen Butler;3;6686
814;512;145;Mary Martin;1;8522
815;159;776;Alvin Stewart;1;76737
816;433;772;Andrea Lopez;1;85208
817;133;576;Melissa Buchanan;1;23234
818;505;467;Terry Taylor;3;94391
819;589;213;Mr. William Waters;2;48957
820;97;420;Kristin Goodman;5;93253
821;274;465;Jessica Shaw;3;21611
822;190;645;Michael Newton;2;54497
823;543;197;Amy Lawrence;1;56593
824;745;282;Leslie Scott;5;33396
825;606;188;Denise Savage;4;62756
826;882;398;Travis Gray;2;63778
827;110;206;Dan Osborn;2;32419
828;541;644;Gail Poole;2;17829
829;480;732;Andrew Carroll;3;90128
830;639;89;Heidi Eaton;1;54151
831;57;173;Robin Hancock;2;39186
832;469;187;Jordan Madden;4;35697
833;293;423;Jack Walker;3;71435
834;140;618;Kayla Oconnor;4;26887
835;799;79;Crystal Mendez;1;19467
836;655;778;William Jones;3;82989
837;40;349;Jeffery Fletcher;4;74613
838;58;108;Eric Rowe;1;38731
839;27;451;Michael Washington;5;94465
840;742;597;Ashley Sanders;1;23031
841;287;119;Lisa Smith;4;7754
842;630;216;Julie Hunter;3;2205
843;441;753;Dr. Travis Hansen;1;57043
844;966;790;Brian Rivers;1;98842
845;242;634;William Thompson;2;14951
846;139;580;Andrew Martin;5;89403
847;270;588;Nicole Huber;1;63036
848;431;498;Shelley Ramos;2;27205
849;21;696;Abigail Aguirre;1;64655
850;552;688;Michelle Armstrong;1;93711
851;231;745;Timothy Foster;1;62376
852;544;758;Travis Hall;5;77284
853;456;320;Jennifer Reyes;1;26093
854;498;468;Jennifer Kane;5;92853
855;704;139;John Gaines;1;14414
856;93;526;Jennifer Thomas;5;71734
857;115;397;John Davis;4;54773
858;187;52;Alison Estes;2;71900
859;636;403;Kimberly Brown;3;80199
860;618;639;Kelly Le;3;31747
861;277;371;Troy Miller;1;42229
862;293;724;Lindsey Scott;3;91154
863;926;594;Jaime Alexander;3;22798
864;668;309;Michael Russo;4;99370
865;674;614;Brent Green;2;25453
866;555;200;Miss Danielle Carson DVM;1;37104
867;493;656;Scott Davis;1;55732
868;546;118;Nathaniel King;2;56410
869;642;462;Caitlin Dillon;5;80714
870;433;292;Tiffany Hardin;3;88152
871;61;244;Robert Carpenter;3;54544
872;250;585;Jennifer Mcmillan;1;85760
873;241;755;Anthony Schwartz;3;26524
874;193;605;Tiffany Olson;4;24879
875;127;712;Jose Hernandez;1;37393
876;658;57;Johnny Henson;4;77736
877;637;611;Megan Gentry;1;35293
878;63;526;John Ramirez;3;81597
879;158;213;Lisa Butler;3;36777
880;321;436;Theodore Strickland;2;92439
881;454;354;Brooke Martin;5;52953
882;229;520;James Stewart;3;79513
883;846;209;Kelly Lam;3;15746
884;660;437;Lisa Miller;3;43941
885;110;667;Jennifer Ho;1;80949
886;822;620;Mikayla Camacho;5;73382
887;590;39;Wendy Martinez;1;61036
888;197;410;Shawn Hart;1;78393
889;421;87;Samantha Walker;5;45475
890;519;430;Molly James;2;32850
891;986;605;Carrie Burke;5;11145
892;198;129;Mary Garcia;1;38406
893;310;470;Andrew Ford;1;39156
894;966;394;Lindsey Williams;3;51290
895;339;331;Mr. Andrew Clark;4;91604
896;466;514;Glen Aguirre;1;71404
897;353;244;Paige Nelson DDS;4;33674
898;919;754;Jaime Mcmillan;3;32087
899;550;574;Hannah Herrera;1;79196
900;228;199;Ronald Blevins;4;31888
901;780;532;Matthew Kidd;3;83681
902;867;342;Jessica Boyer;5;12733
903;222;668;David Alexander;3;94306
904;796;682;Angela Pollard;2;2569
905;420;246;Jade Cooke;3;69993
906;491;708;Tammy Mills;4;20388
907;43;399;Jimmy Taylor;2;58100
908;858;604;Elizabeth Wright;2;21577
909;83;324;Zachary Mathews;4;42765
910;130;543;Christina Silva;1;56380
911;195;718;Shari Hernandez;5;25148
912;450;354;Debra Potts;2;83886
913;804;70;Christopher Mcintosh;3;57428
914;503;460;Marisa Powell;1;87057
915;551;65;Timothy Berg;1;95822
916;171;716;Brenda Taylor;3;78278
917;180;645;Riley Robertson;2;99554
918;286;768;Joseph Pena;1;78096
919;880;728;David Lee;1;19809
920;533;383;Leah Hunt;1;21227
921;587;374;Madison Wagner;5;18022
922;483;195;Andrea Simmons;3;68198
923;200;631;Michael Sexton;2;72450
924;489;250;Michael Mitchell;1;15914
925;985;672;Michele Jackson;5;67708
926;936;511;Ashley Burton;5;42871
927;371;698;Michelle Dixon;3;16554
928;390;321;Colin Doyle;1;5957
929;154;363;Daniel Alvarez;5;99816
930;649;10;Andrew Barnes;1;11342
931;749;795;Jacob Wilson;4;88812
932;480;341;Ashley Weaver;5;61071
933;304;640;Wayne Adams;4;73085
934;416;188;Tina Osborne;2;86150
935;961;385;Howard King;3;23979
936;154;748;Daniel Vasquez;2;80867
937;129;552;Michelle Stafford;1;69467
938;295;210;Jonathan Green;5;26141
939;399;785;Kevin Compton;1;73871
940;748;649;Joshua Green;2;22430
941;667;124;Kurt Singh;4;51014
942;545;328;Jose Galloway;3;14556
943;185;496;Jerry Pham;3;65754
944;844;186;Kimberly House;5;74231
945;438;796;Danny Miller;1;17191
946;421;420;Jim Friedman;4;80263
947;121;195;Stephanie King;5;348
948;395;83;Jeremy Johns;5;50724
949;350;483;Chelsea Lara DDS;5;87861
950;637;183;Teresa Cole;4;10507
951;346;69;Mr. Jaime Mason II;3;80282
952;661;561;Barbara Silva;4;88584
953;454;403;Kenneth Hanson;5;11965
954;450;392;Joshua Cruz;1;34498
955;46;462;Ian Hawkins;3;73116
956;243;167;Lee Alvarado;2;87126
957;122;580;Paul Peterson;2;94910
958;225;526;James Anderson;3;8965
959;556;296;Mrs. Jennifer Kidd MD;2;76679
960;978;265;Jason Carter;1;64788
961;336;510;Sarah Williams;3;61664
962;232;706;James Brewer;2;39711
963;427;400;Jodi Castro;3;85436
964;575;84;Karen Brown;4;45962
965;864;494;James Mccarty;3;29201
966;387;49;Kim Stanley;5;37080
967;448;69;Michael Santiago;1;23525
968;111;647;Joel Ford;2;22334
969;295;653;Phillip White;2;14114
970;758;136;Jonathan Brown;4;96213
971;207;685;Christina Perkins;3;86073
972;64;13;Lisa Fletcher;4;66600
973;925;497;Rebecca Shields;3;16288
974;774;660;Mr. Robert Finley;4;4388
975;257;42;Brittany Mcclain;1;75188
976;582;410;Pamela Warren;1;39820
977;594;709;Stephanie Cooley;1;17422
978;220;783;Brian Johnson;3;35934
979;364;25;Wayne Anderson;3;15725
980;712;331;Benjamin Brown;3;16126
981;721;549;Sandra Dawson;3;14297
982;986;48;Angela Smith;4;61879
983;607;760;Margaret Mason;5;77692
984;472;222;Cynthia Martin;2;60354
985;459;216;Rebecca Montgomery;2;13020
986;444;593;Kelly Strong;5;3396
987;286;110;Andre Sullivan;5;98459
988;563;670;Adam Carpenter;4;55775
989;933;540;Mrs. Rebecca Nguyen PhD;3;28093
990;698;444;Alicia Robinson;1;31971
991;740;786;Jeffery Bell;5;84993
992;650;425;Jennifer Wiggins;5;23432
993;709;222;Katherine Gray;4;95413
994;439;714;Kristina Ramirez;5;13487
995;573;476;Whitney Duncan;5;42006
996;974;756;Norma Garrett;3;21736
997;130;752;Cameron Myers;2;63558
998;893;63;Taylor Contreras;2;29828
999;885;3;Michael Becker;1;32722
1000;856;529;Katie Fleming;4;72600
